{
    "foreground_intensity_properties_per_channel": {
        "0": {
            "max": 248.0,
            "mean": 108.03229522705078,
            "median": 106.0,
            "min": 0.0,
            "percentile_00_5": 0.0,
            "percentile_99_5": 248.0,
            "std": 85.63037109375
        },
        "1": {
            "max": 248.0,
            "mean": 108.03440856933594,
            "median": 106.0,
            "min": 0.0,
            "percentile_00_5": 0.0,
            "percentile_99_5": 248.0,
            "std": 85.6208724975586
        },
        "2": {
            "max": 248.0,
            "mean": 108.03549194335938,
            "median": 106.0,
            "min": 0.0,
            "percentile_00_5": 0.0,
            "percentile_99_5": 248.0,
            "std": 85.62813568115234
        }
    },
    "median_relative_size_after_cropping": 1.0,
    "shapes_after_crop": [
        [
            1,
            630,
            702
        ],
        [
            1,
            640,
            536
        ],
        [
            1,
            759,
            693
        ],
        [
            1,
            260,
            648
        ],
        [
            1,
            487,
            436
        ],
        [
            1,
            138,
            600
        ],
        [
            1,
            566,
            596
        ],
        [
            1,
            560,
            583
        ],
        [
            1,
            328,
            452
        ],
        [
            1,
            468,
            470
        ],
        [
            1,
            276,
            277
        ],
        [
            1,
            331,
            332
        ],
        [
            1,
            452,
            512
        ],
        [
            1,
            740,
            626
        ],
        [
            1,
            337,
            606
        ],
        [
            1,
            630,
            702
        ],
        [
            1,
            640,
            536
        ],
        [
            1,
            438,
            553
        ],
        [
            1,
            276,
            341
        ],
        [
            1,
            218,
            439
        ],
        [
            1,
            334,
            359
        ],
        [
            1,
            325,
            538
        ],
        [
            1,
            295,
            377
        ],
        [
            1,
            1119,
            1154
        ],
        [
            1,
            212,
            591
        ],
        [
            1,
            524,
            533
        ],
        [
            1,
            756,
            634
        ],
        [
            1,
            112,
            555
        ],
        [
            1,
            142,
            550
        ],
        [
            1,
            725,
            576
        ],
        [
            1,
            658,
            680
        ],
        [
            1,
            360,
            603
        ],
        [
            1,
            302,
            399
        ],
        [
            1,
            718,
            995
        ],
        [
            1,
            513,
            469
        ],
        [
            1,
            614,
            325
        ],
        [
            1,
            594,
            244
        ],
        [
            1,
            756,
            685
        ],
        [
            1,
            467,
            382
        ],
        [
            1,
            488,
            377
        ],
        [
            1,
            511,
            431
        ],
        [
            1,
            727,
            714
        ],
        [
            1,
            595,
            603
        ],
        [
            1,
            372,
            338
        ],
        [
            1,
            391,
            543
        ],
        [
            1,
            601,
            986
        ],
        [
            1,
            532,
            687
        ],
        [
            1,
            239,
            228
        ],
        [
            1,
            452,
            512
        ],
        [
            1,
            337,
            606
        ],
        [
            1,
            105,
            520
        ],
        [
            1,
            456,
            378
        ],
        [
            1,
            275,
            727
        ],
        [
            1,
            306,
            515
        ],
        [
            1,
            455,
            537
        ],
        [
            1,
            326,
            518
        ],
        [
            1,
            401,
            421
        ],
        [
            1,
            175,
            212
        ],
        [
            1,
            399,
            352
        ],
        [
            1,
            401,
            404
        ],
        [
            1,
            459,
            418
        ],
        [
            1,
            694,
            608
        ],
        [
            1,
            462,
            380
        ],
        [
            1,
            468,
            470
        ],
        [
            1,
            328,
            452
        ],
        [
            1,
            518,
            463
        ],
        [
            1,
            226,
            267
        ],
        [
            1,
            376,
            787
        ],
        [
            1,
            630,
            778
        ],
        [
            1,
            217,
            484
        ],
        [
            1,
            483,
            517
        ],
        [
            1,
            208,
            524
        ],
        [
            1,
            288,
            285
        ],
        [
            1,
            417,
            291
        ],
        [
            1,
            363,
            414
        ],
        [
            1,
            206,
            366
        ],
        [
            1,
            173,
            224
        ],
        [
            1,
            435,
            559
        ],
        [
            1,
            765,
            588
        ],
        [
            1,
            726,
            653
        ],
        [
            1,
            570,
            571
        ],
        [
            1,
            645,
            636
        ],
        [
            1,
            401,
            244
        ],
        [
            1,
            409,
            397
        ],
        [
            1,
            274,
            287
        ],
        [
            1,
            689,
            596
        ],
        [
            1,
            570,
            548
        ],
        [
            1,
            445,
            239
        ],
        [
            1,
            563,
            601
        ],
        [
            1,
            469,
            799
        ],
        [
            1,
            332,
            252
        ],
        [
            1,
            590,
            577
        ],
        [
            1,
            260,
            648
        ],
        [
            1,
            595,
            699
        ],
        [
            1,
            393,
            558
        ],
        [
            1,
            416,
            312
        ],
        [
            1,
            388,
            374
        ],
        [
            1,
            235,
            314
        ],
        [
            1,
            194,
            614
        ],
        [
            1,
            719,
            601
        ],
        [
            1,
            740,
            722
        ],
        [
            1,
            486,
            600
        ],
        [
            1,
            322,
            735
